/*
Navicat MySQL Data Transfer

Source Server         : 本机文件
Source Server Version : 50617
Source Host           : localhost:3306
Source Database       : lublog

Target Server Type    : MYSQL
Target Server Version : 50617
File Encoding         : 65001

Date: 2017-11-02 21:56:56
*/

SET FOREIGN_KEY_CHECKS=0;

-- ----------------------------
-- Table structure for adminer
-- ----------------------------
DROP TABLE IF EXISTS `adminer`;
CREATE TABLE `adminer` (
  `adminer_id` int(11) NOT NULL AUTO_INCREMENT,
  `adminer_name` char(50) NOT NULL,
  `password` char(32) NOT NULL,
  PRIMARY KEY (`adminer_id`)
) ENGINE=InnoDB AUTO_INCREMENT=2 DEFAULT CHARSET=utf8;

-- ----------------------------
-- Records of adminer
-- ----------------------------
INSERT INTO `adminer` VALUES ('1', 'admin', 'admin');

-- ----------------------------
-- Table structure for article
-- ----------------------------
DROP TABLE IF EXISTS `article`;
CREATE TABLE `article` (
  `art_id` smallint(6) NOT NULL AUTO_INCREMENT,
  `cate_id` smallint(6) NOT NULL COMMENT '文章所属分类',
  `title` varchar(50) NOT NULL COMMENT '文章标题',
  `thumb` varchar(100) NOT NULL DEFAULT 'default.jpg',
  `thumbpath` varchar(100) NOT NULL COMMENT '默认缩略图路径',
  `art_desc` varchar(255) DEFAULT NULL COMMENT '文章描述',
  `content` text NOT NULL COMMENT '文章内容',
  `author` varchar(20) NOT NULL COMMENT '文章作者',
  `likes` smallint(5) unsigned NOT NULL DEFAULT '0' COMMENT '赞的次数',
  `addtime` varchar(30) NOT NULL COMMENT '添加时间',
  `is_del` enum('0','1') NOT NULL DEFAULT '0' COMMENT '是否逻辑删除',
  PRIMARY KEY (`art_id`)
) ENGINE=InnoDB AUTO_INCREMENT=28 DEFAULT CHARSET=utf8;

-- ----------------------------
-- Records of article
-- ----------------------------
INSERT INTO `article` VALUES ('20', '1', '心动--陈洁仪', 's4610464.jpg', '/Public/Upload/thumb/59f86a863a7b2.jpg', '每一段感情，每一种情绪都有一首代表歌曲，这首歌曲可以引起共鸣，在最适当的时候牵动最贴切的情绪。\r\n', '&lt;p&gt;陈洁仪。80年代末出道的新加坡歌手。04年《东弯土星》后说不想再唱了。还依稀记得那张专辑，颓废而略带神秘的大头像作封面，个性十足。然而对专辑里的歌已然没有印象。对她有的最深的印象是《妙手仁心》里的Dorathy。我想，她算一个比较冷门的歌手吧，几首歌半红不红算是耳熟，对她的认识只停留在&amp;quot;听说过。&amp;quot;&lt;br /&gt;\r\n&lt;br /&gt;\r\n昨日听她刚发的新专辑《重译》，唱的都是耳熟能详的老歌。&lt;br /&gt;\r\n&lt;br /&gt;\r\n那首《心动》，在夜晚的房间里反复回荡了很多次，内心深处的悸动氤氲而生，伴随着敏锐的触觉和眼泪弥漫开来。&lt;br /&gt;\r\n&lt;br /&gt;\r\n【有多久没见你。以为你在那里。原来就住在我的心底。陪伴着我的呼吸。&lt;br /&gt;\r\n&amp;nbsp;&amp;nbsp;&amp;nbsp;有多远的距离。以为闻不到你的气息。谁知道你背影这么长。回头就看到你。】&lt;br /&gt;\r\n&lt;br /&gt;\r\n因为那部电影爱上了这首歌。《心动》，1999年的电影，许是张艾嘉最得意的作品。讲述的是初恋的故事，后来听闻是映射张艾嘉自己和罗大佑十年的感情纠葛。她叫Sylvia，于是女主角叫小柔。&lt;br /&gt;\r\n&lt;br /&gt;\r\n我想是与非并不重要，这却是一部好电影。任何一部电影，只有寄于导演自己最真切的情绪表达，才拍的好吧。&lt;br /&gt;\r\n&lt;br /&gt;\r\n即使时隔多年，依然会经常性地想起一些情节和镜头。&lt;br /&gt;\r\n&lt;br /&gt;\r\n梁咏琪在乐器店外注视吉他而撞到透明玻璃，那个瞬间让金城武爱上了她。寒冷冬夜里两人去看电影，小柔没有带手套的习惯，于是将头深深埋进浩君的大衣里。在父母反对下试图私奔，在昏暗破旧的旅馆里，浩君从背后抱着小柔，就这样躺着看太阳升起。上飞机之前sylvia收到他的礼物，是浩君在没有她的那些时日里，拍下的每一天变幻的天空和云朵，然后写下：这些是我想你的日子。五年后在日本重遇，两个人有了各自的伴侣和生活，嘘叹彼此蹉跎的岁月。在下雨天小柔没有选择喝下那杯放进戒指的水，给了彼此最后的交代。&lt;br /&gt;\r\n&lt;br /&gt;\r\n每个人都会带着自己的回忆去看这部电影吧。而祭念的，也许不只只是一个人，一场情感，而是逝去的岁月和光景。而是感叹时光不再。&lt;br /&gt;\r\n&lt;br /&gt;\r\n第一次看这部戏的时候还在期许着自己会否有一段如斯美丽的初恋，相遇相爱而彼此错过。然后时光不留痕迹的就划过了，在许多的人事变迁后，发现自己没有特别记住的人，却有属于自己的，年少时期的最单纯却最深沉的一场眷恋。是属于自己的最盛大的一场幻觉，贯穿整个青春期的成长到蜕变。所以内心留有一个角落，交付给这段深刻的记忆。&lt;br /&gt;\r\n&lt;br /&gt;\r\n林晓培初唱了这首歌。《心动》。林夕的词，小玲姐的曲。无懈可击的词和旋律，每一次听都会被深深感动。&lt;br /&gt;\r\n&lt;br /&gt;\r\n林晓培特别的摇滚唱腔诠释了这首歌。声带有些沙哑，却有爆发力。有乐队在伴奏，能够听到电吉他和架子鼓的声音。然而陈洁仪重唱的它，只有浅淡的钢琴时而在伴奏。&lt;br /&gt;\r\n&lt;br /&gt;\r\n陈洁仪的这首，更有洗净铅华的味道。仿佛在若干年后记忆沉淀后一个人在黑暗中的浅声低吟。她的声音始终宽广而沉着。&lt;br /&gt;\r\n&lt;br /&gt;\r\n如果林晓培的《心动》是还有遗憾和期待，陈洁仪则是无所期待，只是云淡风轻的不经意让记忆掠过。&lt;br /&gt;\r\n&lt;br /&gt;\r\n如果林的《心动》还有歇斯底里的成分，陈洁仪却是早已欣然接受这样的结局。真的&amp;ldquo;过去让他过去&amp;rdquo;，真的&amp;ldquo;来不及重头喜欢你&amp;rdquo;。&lt;br /&gt;\r\n&lt;br /&gt;\r\n如果林的《心动》里更像是还有纠结的意味，陈洁仪则是时光境迁，人事已非。只剩下淡淡一抹微笑，用来回忆美好，祭奠遗憾。&lt;br /&gt;\r\n&lt;br /&gt;\r\n如果林的《心动》里，汹涌奔腾的热恋还在，在陈的声音里，听到的只有则是沉淀的记忆。&lt;br /&gt;\r\n&lt;br /&gt;\r\n【总是想再见你。还试着打探你的消息。原来。你就住在我的身体。守护我的回忆。】&amp;nbsp; &amp;nbsp; &amp;nbsp; &amp;nbsp;&lt;/p&gt;\r\n', '卢申南', '0', '2017-10-31 20:20:22', '0');
INSERT INTO `article` VALUES ('21', '1', 'Down --Jason Walker', 'untitled.png', '/Public/Upload/thumb/59f86c29f2435.png', '艾琳娜：为什么你不让别人看到你内心的善良？达蒙：因为如果别人看到了善良，他们就会期望善良。而我不想要靠任何人的期望生存。', '&lt;p&gt;&amp;nbsp;&lt;/p&gt;\r\n\r\n&lt;p&gt;曾经也是追剧追到吐血，被家长骂玩物丧志，看网上各种吐槽，最后自己决定弃剧，但都没有动摇它在我心里美剧初恋的地位。这部剧第五季之后价值观大偏离，各种狗血各种乱，第七季已不堪入目。个人觉得第六季第七季已经是挂羊头卖狗肉了。前几季靚男俊女禁忌虐恋看得人涕泗横流，女主的感情线花开两朵各表一枝，被吐槽圣母，D被洗白后在群众中呼声更高超越S成了一号男神。但我还是爱它的。当年高中追剧看到第三季已是心塞满满，比S 更觉得心累，对E也丝毫没有好感，这种对DE对朱妈的嫌弃一直延续到了第四季，直到第四季Rebekah强迫E说出自己内心想法才明白，还有一种爱情，是这样的。有一种爱情是你在我眼里就很完美，你没做错什么，做错什么我也不介意。不管你是人是吸血鬼，是生是死，对你的爱都是永恒的。我知道你想要的不是我想要的，但我愿意牺牲一切只要和你在一起这才是最无私最纯粹的爱，这是他都不曾给他痴痴等了150年的K女王的爱。他对K, 对E的爱真的应了那句话：喜欢是放肆，爱是克制。他对K热烈追求，莽撞追随，痴痴等候，仿佛这团火永远不会灭，但他再见到K却只有怨恨,知道K不爱他后无半点留念。他对E默默守护，敢爱不敢说，半推半就，却无比渴求。黯然等待三年，相守一年，却许诺了永生。而S对E的爱，更像是对K女王的想念的延续，他口口声声说对K不是爱，却对那个关算尽，城府极深，满嘴谎言的K有最多的宽容，最多的温柔。S爱E多半因为她有着她的模样。S对K的又爱又恨多半因为K气场太强大，给他太多的不确定，让他想要又抓不到。毕竟K背负的东西太多不允许她像E那样只能纯纯地谈恋爱，她的伪装S懂，她的心酸S也懂，她的无奈S也懂，S让她看到幻想，家人惨死的景象被磨掉，让她抱到从来没有抱到的女儿。S和K才是不该彼此辜负的人，却总因为种种，错过好好去爱的机会。还记得月光下，已经逃走的K回头看到S,毅然跑回他身边，默默告诉他，我们很快会再见，我保证。然后在跟在他度过漫漫150年。TVD和暮光的区别是它并不像爱德华和贝拉彼此是那么专属，这种&amp;quot;只能是你&amp;quot;的爱情比这部小说更虚幻不真实，而看TVD你能看到更生活的感情，也许能看到自己的影子，看到一个个角色后都是脆弱，渴望被爱，但都勇敢的普通人。普通人会在不同阶段有不同的状态，而因此爱上不同的人，这没有错。最后，会找到看一辈子，无数辈子都顺眼的人。这些是TVD让我明白的。最后说个我认为最浪漫的场景：倾盆大雨，DE两人拥吻。&amp;ldquo;promise me this is forever&amp;rdquo; &amp;ldquo;i promise&amp;rdquo;&lt;/p&gt;\r\n', '卢申南', '1', '2017-10-31 20:27:21', '0');
INSERT INTO `article` VALUES ('22', '1', '西语神曲《Despacito》到底是个什么鬼？ ', '64e9efbcb71942c48cf70e34ab3610b5_th.jpg', '/Public/Upload/thumb/59f86da0b746f.jpg', '这支来自波多黎各的路易斯冯西 Luis Fonsi 与洋基老爹 Daddy Yankee 的《Despacito》；这首在《玩命关头8》出现的歌曲，短短推出半年，YouTube点击率就已突破25亿人气！目前仍然保持持续高涨的势头。', '&lt;p&gt;《Despacito》它还是继1996年《Macarena》之后，首支夺下 Billboard 单曲榜登顶的西班牙语歌曲。截止今天，它已经十连冠，如果这还不算什么的话，那和这首歌的 MV 有关的数字就堪称惊人了。&lt;/p&gt;\r\n\r\n&lt;p&gt;左:Daddy Yankee 右:Luis Fonsi&lt;/p&gt;\r\n\r\n&lt;p&gt;仅用了 156 天，《Despacito》在 YouTube 上的播放量就达到了 20 亿次，比第二名 Justin Bieber 的热单《Sorry》快了 238 天，更重要的是从 16 亿次到 20 亿次，《Despacito》只用了短短的 24 天，而且与一般热门歌曲播放量迅速衰减不同的是，《Despacito》现在的热度是几个月前的近两倍。&lt;/p&gt;\r\n', '卢申南', '1', '2017-10-31 20:33:36', '0');
INSERT INTO `article` VALUES ('23', '1', '你就不要想起我 --Hebe', 'njbyxqw.png', '/Public/Upload/thumb/59f86eb3c2063.png', ' 我对你好也可以对别人好 但是有些东西只想给你 有些温暖的事只想和你做 就算你不要我也不舍得给别人', '&lt;p&gt;作者：李素初&lt;br /&gt;\r\n链接：https://www.zhihu.com/question/22148998/answer/53839372&lt;br /&gt;\r\n来源：知乎&lt;br /&gt;\r\n著作权归作者所有。商业转载请联系作者获得授权，非商业转载请注明出处。&lt;/p&gt;\r\n\r\n&lt;p&gt;刚失恋的人听了有安慰，失恋了一段时间还没走出来的人听了耿耿于怀，徒增伤痛。&amp;quot;我能有多骄傲，不堪一击好不好，一碰到你我就被撂倒&amp;quot;但哪怕我怎样骄傲，在你面前却总是丢盔弃甲。&amp;quot;吵醒沉睡冰山后从容脱逃&amp;quot;你得到了不识人间烟火的冰山美人的爱，她这里宛若雪崩，而你却好似没事人一样从容脱逃。脱逃二字写出了她对你的纠缠。 &amp;quot;你总是有办法轻易做到&amp;quot;总是说明你是个情场浪子。 或者说她在你面前永远都是投降的。&amp;quot;一个远远的微笑，就掀起汹涌波涛&lt;br /&gt;\r\n又闻到眼泪沸腾的味道&amp;rdquo;再见一眼，你在笑，而她却心情澎湃起伏，不自主地又留下眼泪。 不知你是否后知后觉，还是忙碌的生活没让你想起她，还是你也在偷偷痛苦，而她却一时沉浸在悲伤的情绪里。看见旧情人的那一眼，心里千头万绪，委屈悔恨一时涌上心头。&amp;ldquo; 當時那些快樂多難得美好 你真的有辦法捨得不要 才剛成真的美夢 轉眼就幻滅破掉 祝福你 真的可以睡得好 &amp;rdquo;这几句，一个细化说明吧。把听众拉回回忆，拉回快乐，然后又破灭的感觉。 后面几段&amp;ldquo;明明你也很爱我，没理由爱不到结果，只要你敢不懦弱，凭什么我们要错过？&amp;rdquo;这段词一直在重复，是对恋人的劝说，她知道你很爱她，你可以勇敢一点吗，在一起吧，相信你们会幸福的。别害怕，别害怕你们的相爱是错误。 &amp;quot;&amp;quot;到時候 你就知道有多痛 到時候最好別來要認錯 你就不要 想我到 瘋掉 &amp;quot; 你以为你有多潇洒吗？当你哪天想起她来，也许你会痛不欲生，赌气地说你有本事就不要认错，就把她忘掉，不要没日没夜地想她。 &amp;quot;我等夜 監聽你說多愛我&amp;quot; 这里我有几种理解，1美貌自负如她，曾经的感情坚固让她相信你还爱她，只是静静的感受着你还爱她，却还是无奈地不能在一起。2她原谅你了，等你回心转意。 3她仍然愤怒，想看你和她同样痛苦。总述：一个美丽的冰山美人，陷入了一段恋情，骄傲如她还是在输给了自己的感情，她如此执念于那段感情，渴望回到幸福的一刻。愤怒于情人的懦弱，在回忆中，情绪又逐渐有些激动，无法再保持开始的冷静，难道情人真的不爱我了吗？真的能舍得我吗？不愿相信，又带有怨怼，刚失恋的那段时间，很喜欢这首歌，也不知道它到底是给我安慰，还是自我折磨，让自己无法忘怀，独自伤怜。&lt;/p&gt;\r\n', '卢申南', '7', '2017-10-31 20:38:11', '0');
INSERT INTO `article` VALUES ('24', '1', '天冷就回来 --陈洁仪', 'u=3265264666,3513035397&fm=27&gp=0.jpg', '/Public/Upload/thumb/59f86ffd695aa.jpg', '天冷你就回来别在风中徘徊，哦妈妈眼里有明白还有一丝无奈，天冷我想回家童年已经不在，昨天的雨点撒下来那滋味叫作爱，呜~别在风中徘徊呜~天冷就回来', '&lt;p&gt;天冷了。&lt;br /&gt;\r\n台风与城市擦肩而过。&lt;br /&gt;\r\n好凉快啊。给我的感觉，夏天真的已经过去了。&lt;br /&gt;\r\n床上都垫上棉被了。&lt;br /&gt;\r\n《天冷就回来》，这首听了好几年的歌再次被我翻了出来。大家一起温暖一下吧。&lt;br /&gt;\r\n它选自陈洁仪的专辑《陈洁仪的异想世界》。上紧的发条，是现代都会男女存活于光速城市空问里不可或缺的零件。白天里的绷紧，夜晚间的沉沦，再紧的发条也需要有松懈的时刻。&lt;br /&gt;\r\n天冷就回来，是音乐才子梁文福的压箱宝，陈洁仪珍藏多年的作品专辑唯一的Bonustrack。如果你还是怀念洁仪的&amp;ldquo;芭乐&amp;rdquo;抒情歌，在你完成了异想世界之旅之后，送你一杯感动。&lt;br /&gt;\r\n&lt;br /&gt;\r\n歌词：&lt;br /&gt;\r\n从前对着收音机&lt;br /&gt;\r\n学唱旧的歌&lt;br /&gt;\r\n我问妈妈为什么&lt;br /&gt;\r\n伤心像快乐&lt;br /&gt;\r\n妈妈笑着&lt;br /&gt;\r\n说她也不懂得&lt;br /&gt;\r\n我想出去走一走&lt;br /&gt;\r\n妈妈点点头&lt;br /&gt;\r\n天冷你就回来&lt;br /&gt;\r\n别在风中徘徊&lt;br /&gt;\r\n妈妈眼里有明白&lt;br /&gt;\r\n还有一丝无奈&lt;br /&gt;\r\n天冷我想回家&lt;br /&gt;\r\n童年已经不再&lt;br /&gt;\r\n昨天的雨点洒下来&lt;br /&gt;\r\n那滋味叫做爱&lt;br /&gt;\r\nwu...&lt;br /&gt;\r\n别在风中徘徊&lt;br /&gt;\r\nwu...&lt;br /&gt;\r\n天冷就回来&lt;/p&gt;\r\n\r\n&lt;p&gt;渐渐对着收音机&lt;br /&gt;\r\n学唱新的歌&lt;br /&gt;\r\n我问朋友为什么&lt;br /&gt;\r\n做梦也快乐&lt;br /&gt;\r\n朋友笑说&lt;br /&gt;\r\n他从不相信梦&lt;br /&gt;\r\n我想出去走一走&lt;br /&gt;\r\n朋友点点头&lt;br /&gt;\r\n天冷你就回来&lt;br /&gt;\r\n别在风中徘徊&lt;br /&gt;\r\n朋友的眼里有明白&lt;br /&gt;\r\n还有一份期待&lt;br /&gt;\r\n天冷我想回家&lt;br /&gt;\r\n年少已经不再&lt;br /&gt;\r\n今天的雨点洒下来&lt;br /&gt;\r\n那滋味就是爱&lt;/p&gt;\r\n\r\n&lt;p&gt;现在对着收音机&lt;br /&gt;\r\n听自己唱的歌&lt;br /&gt;\r\n我的他问为什么&lt;br /&gt;\r\n幸福不快乐&lt;br /&gt;\r\n我微笑着&lt;br /&gt;\r\n说我也不懂得&lt;br /&gt;\r\n他想出去走一走&lt;br /&gt;\r\n我对他点点头&lt;br /&gt;\r\n天冷你就回来&lt;br /&gt;\r\n别在风中徘徊&lt;br /&gt;\r\n我猜我眼里有明白&lt;br /&gt;\r\n还有一丝无奈&lt;br /&gt;\r\n天冷他没回家&lt;br /&gt;\r\n我仍然在等待&lt;br /&gt;\r\n明天的雨点洒下来&lt;br /&gt;\r\n那滋味就是爱&lt;br /&gt;\r\nwu...&lt;br /&gt;\r\n别在风中徘徊&lt;br /&gt;\r\nwu...&lt;br /&gt;\r\n天冷就回来&lt;/p&gt;\r\n', '卢申南', '5', '2017-10-31 20:43:41', '0');
INSERT INTO `article` VALUES ('25', '3', 'sublime一些碰到的问题', 'php.png', '/Public/Upload/thumb/59f871358ddfd.png', 'sublime是一款非常强大的编辑器，使用过程也碰到了很多问题', '&lt;p&gt;1.在DocBlockr这个注释插件中，在注释完转下一行也默认会是&lt;strong&gt;注释&lt;/strong&gt;格式&lt;/p&gt;\r\n\r\n&lt;p&gt;&lt;strong&gt;解决方案： &lt;/strong&gt; 菜单栏的Sublime Text, 找到：&lt;/p&gt;\r\n\r\n&lt;p&gt;Preferences -&amp;gt; Package Settings -&amp;gt; Doc Blockr -&amp;gt; Settings - User&lt;/p&gt;\r\n\r\n&lt;p&gt;添加以下内容:&lt;img alt=&quot;&quot; src=&quot;/Public/Upload/article/images/20171102051952114986.png&quot; style=&quot;height:500px; width:500px&quot; /&gt;&lt;/p&gt;\r\n\r\n&lt;p&gt;{ &amp;quot;jsdocs_extend_double_slash&amp;quot;: false }&lt;/p&gt;\r\n\r\n&lt;p&gt;&amp;nbsp;&lt;/p&gt;\r\n\r\n&lt;p&gt;&amp;nbsp;&lt;/p&gt;\r\n\r\n&lt;p&gt;&amp;nbsp;&lt;/p&gt;\r\n\r\n&lt;p&gt;2&lt;strong&gt;.快捷键发生冲突&lt;/strong&gt;，--》（调出颜色板的插件colorpicker和转换编码格式的插件ConvertoUTF8发生冲突 其默认快捷键都为Ctrl+Shift+c）&lt;/p&gt;\r\n\r\n&lt;p&gt;&lt;strong&gt;解决方法： 在&lt;/strong&gt;Preferences --&amp;gt; Browse Packages，找到ConvertToUTF8文件夹并进入，&lt;/p&gt;\r\n\r\n&lt;p&gt;修改其快捷方式&lt;/p&gt;\r\n\r\n&lt;p&gt;&lt;!--5f39ae17-8c62-4a45-bc43-b32064c9388a:W3siYmxvY2tUeXBlIjoicGFyYWdyYXBoIiwic3R5bGVzIjp7ImFsaWduIjoibGVmdCIsImluZGVudCI6MCwidGV4dC1pbmRlbnQiOjAsImxpbmUtaGVpZ2h0IjoxLjc1fSwiYmxvY2tJZCI6Ijk3NjEtMTUwNzg5MTIxMjAzNSIsInJpY2hUZXh0Ijp7ImlzUmljaFRleHQiOnRydWUsImtlZXBMaW5lQnJlYWsiOnRydWUsImRhdGEiOlt7ImNoYXIiOiIxIn0seyJjaGFyIjoiLiJ9LHsiY2hhciI6IuWcqCJ9LHsiY2hhciI6IkQifSx7ImNoYXIiOiJvIn0seyJjaGFyIjoiYyJ9LHsiY2hhciI6IkIifSx7ImNoYXIiOiJsIn0seyJjaGFyIjoibyJ9LHsiY2hhciI6ImMifSx7ImNoYXIiOiJrIn0seyJjaGFyIjoiciJ9LHsiY2hhciI6Iui/mSJ9LHsiY2hhciI6IuS4qiJ9LHsiY2hhciI6IuazqCJ9LHsiY2hhciI6IumHiiJ9LHsiY2hhciI6IuaPkiJ9LHsiY2hhciI6IuS7tiJ9LHsiY2hhciI6IuS4rSJ9LHsiY2hhciI6Iu+8jCJ9LHsiY2hhciI6IuWcqCJ9LHsiY2hhciI6IuazqCJ9LHsiY2hhciI6IumHiiJ9LHsiY2hhciI6IuWujCJ9LHsiY2hhciI6Iui9rCJ9LHsiY2hhciI6IuS4iyJ9LHsiY2hhciI6IuS4gCJ9LHsiY2hhciI6IuihjCJ9LHsiY2hhciI6IuS5nyJ9LHsiY2hhciI6Ium7mCJ9LHsiY2hhciI6IuiupCJ9LHsiY2hhciI6IuS8miJ9LHsiY2hhciI6IuaYryJ9LHsiY2hhciI6IuazqCIsInN0eWxlcyI6eyJib2xkIjp0cnVlfX0seyJjaGFyIjoi6YeKIiwic3R5bGVzIjp7ImJvbGQiOnRydWV9fSx7ImNoYXIiOiLmoLwifSx7ImNoYXIiOiLlvI8ifV19fSx7ImJsb2NrVHlwZSI6InBhcmFncmFwaCIsInN0eWxlcyI6eyJhbGlnbiI6ImxlZnQiLCJpbmRlbnQiOjAsInRleHQtaW5kZW50IjowLCJsaW5lLWhlaWdodCI6MS43NX0sImJsb2NrSWQiOiIyNTg0LTE1MDc4OTExNzI1OTYiLCJyaWNoVGV4dCI6eyJpc1JpY2hUZXh0Ijp0cnVlLCJrZWVwTGluZUJyZWFrIjp0cnVlLCJkYXRhIjpbeyJjaGFyIjoiICJ9LHsiY2hhciI6IiAifSx7ImNoYXIiOiIgIn0seyJjaGFyIjoiICJ9LHsiY2hhciI6IuinoyIsInN0eWxlcyI6eyJib2xkIjp0cnVlLCJmb250LXNpemUiOjE2fX0seyJjaGFyIjoi5YazIiwic3R5bGVzIjp7ImJvbGQiOnRydWUsImZvbnQtc2l6ZSI6MTZ9fSx7ImNoYXIiOiLmlrkiLCJzdHlsZXMiOnsiYm9sZCI6dHJ1ZSwiZm9udC1zaXplIjoxNn19LHsiY2hhciI6IuahiCIsInN0eWxlcyI6eyJib2xkIjp0cnVlLCJmb250LXNpemUiOjE2fX0seyJjaGFyIjoi77yaIiwic3R5bGVzIjp7ImJvbGQiOnRydWUsImZvbnQtc2l6ZSI6MTZ9fSx7ImNoYXIiOiIgIiwic3R5bGVzIjp7ImJvbGQiOnRydWUsImZvbnQtc2l6ZSI6MTZ9fSx7ImNoYXIiOiIgIn0seyJjaGFyIjoiICJ9LHsiY2hhciI6IiAifSx7ImNoYXIiOiIgIn0seyJjaGFyIjoiICJ9LHsiY2hhciI6IuiPnCJ9LHsiY2hhciI6IuWNlSJ9LHsiY2hhciI6IuagjyJ9LHsiY2hhciI6IueahCJ9LHsiY2hhciI6IlMifSx7ImNoYXIiOiJ1In0seyJjaGFyIjoiYiJ9LHsiY2hhciI6ImwifSx7ImNoYXIiOiJpIn0seyJjaGFyIjoibSJ9LHsiY2hhciI6ImUifSx7ImNoYXIiOiIgIn0seyJjaGFyIjoiVCJ9LHsiY2hhciI6ImUifSx7ImNoYXIiOiJ4In0seyJjaGFyIjoidCJ9LHsiY2hhciI6IiwifSx7ImNoYXIiOiIgIn0seyJjaGFyIjoi5om+In0seyJjaGFyIjoi5YiwIn0seyJjaGFyIjoi77yaIn1dfX0seyJibG9ja1R5cGUiOiJwYXJhZ3JhcGgiLCJzdHlsZXMiOnsiaW5kZW50Ijo0LCJhbGlnbiI6ImxlZnQiLCJ0ZXh0LWluZGVudCI6MCwibGluZS1oZWlnaHQiOjEuNzV9LCJibG9ja0lkIjoiOTk0OC0xNTA3ODkxMTg4MTg5IiwicmljaFRleHQiOnsiaXNSaWNoVGV4dCI6dHJ1ZSwia2VlcExpbmVCcmVhayI6dHJ1ZSwiZGF0YSI6W3siY2hhciI6IlAifSx7ImNoYXIiOiJyIn0seyJjaGFyIjoiZSJ9LHsiY2hhciI6ImYifSx7ImNoYXIiOiJlIn0seyJjaGFyIjoiciJ9LHsiY2hhciI6ImUifSx7ImNoYXIiOiJuIn0seyJjaGFyIjoiYyJ9LHsiY2hhciI6ImUifSx7ImNoYXIiOiJzIn0seyJjaGFyIjoiICJ9LHsiY2hhciI6Ii0ifSx7ImNoYXIiOiI+In0seyJjaGFyIjoiICJ9LHsiY2hhciI6IlAifSx7ImNoYXIiOiJhIn0seyJjaGFyIjoiYyJ9LHsiY2hhciI6ImsifSx7ImNoYXIiOiJhIn0seyJjaGFyIjoiZyJ9LHsiY2hhciI6ImUifSx7ImNoYXIiOiIgIn0seyJjaGFyIjoiUyJ9LHsiY2hhciI6ImUifSx7ImNoYXIiOiJ0In0seyJjaGFyIjoidCJ9LHsiY2hhciI6ImkifSx7ImNoYXIiOiJuIn0seyJjaGFyIjoiZyJ9LHsiY2hhciI6InMifSx7ImNoYXIiOiIgIn0seyJjaGFyIjoiLSJ9LHsiY2hhciI6Ij4ifSx7ImNoYXIiOiIgIn0seyJjaGFyIjoiRCJ9LHsiY2hhciI6Im8ifSx7ImNoYXIiOiJjIn0seyJjaGFyIjoiICJ9LHsiY2hhciI6IkIifSx7ImNoYXIiOiJsIn0seyJjaGFyIjoibyJ9LHsiY2hhciI6ImMifSx7ImNoYXIiOiJrIn0seyJjaGFyIjoiciJ9LHsiY2hhciI6IiAifSx7ImNoYXIiOiItIn0seyJjaGFyIjoiPiJ9LHsiY2hhciI6IiAifSx7ImNoYXIiOiJTIn0seyJjaGFyIjoiZSJ9LHsiY2hhciI6InQifSx7ImNoYXIiOiJ0In0seyJjaGFyIjoiaSJ9LHsiY2hhciI6Im4ifSx7ImNoYXIiOiJnIn0seyJjaGFyIjoicyJ9LHsiY2hhciI6IiAifSx7ImNoYXIiOiItIn0seyJjaGFyIjoiICJ9LHsiY2hhciI6IlUifSx7ImNoYXIiOiJzIn0seyJjaGFyIjoiZSJ9LHsiY2hhciI6InIifV19fSx7ImJsb2NrVHlwZSI6InBhcmFncmFwaCIsInN0eWxlcyI6eyJpbmRlbnQiOjQsImFsaWduIjoibGVmdCIsInRleHQtaW5kZW50IjowLCJsaW5lLWhlaWdodCI6MS43NX0sImJsb2NrSWQiOiI4MDc3LTE1MDc4OTExODgxODkiLCJyaWNoVGV4dCI6eyJpc1JpY2hUZXh0Ijp0cnVlLCJrZWVwTGluZUJyZWFrIjp0cnVlLCJkYXRhIjpbeyJjaGFyIjoi5re7In0seyJjaGFyIjoi5YqgIn0seyJjaGFyIjoi5LulIn0seyJjaGFyIjoi5LiLIn0seyJjaGFyIjoi5YaFIn0seyJjaGFyIjoi5a65In0seyJjaGFyIjoiOiJ9XX19LHsiYmxvY2tUeXBlIjoicGFyYWdyYXBoIiwic3R5bGVzIjp7ImluZGVudCI6NCwiYWxpZ24iOiJsZWZ0IiwidGV4dC1pbmRlbnQiOjAsImxpbmUtaGVpZ2h0IjoxLjc1fSwiYmxvY2tJZCI6Ijg1MjYtMTUwNzg5MTE4ODE4OSIsInJpY2hUZXh0Ijp7ImlzUmljaFRleHQiOnRydWUsImtlZXBMaW5lQnJlYWsiOnRydWUsImRhdGEiOlt7ImNoYXIiOiJ7Iiwic3R5bGVzIjp7ImZvbnQtZmFtaWx5IjoibW9ub3NwYWNlIn19LHsiY2hhciI6IlxuIiwic3R5bGVzIjp7ImZvbnQtZmFtaWx5IjoibW9ub3NwYWNlIn19LHsiY2hhciI6IiAiLCJzdHlsZXMiOnsiZm9udC1mYW1pbHkiOiJtb25vc3BhY2UifX0seyJjaGFyIjoiICIsInN0eWxlcyI6eyJmb250LWZhbWlseSI6Im1vbm9zcGFjZSJ9fSx7ImNoYXIiOiJcIiIsInN0eWxlcyI6eyJmb250LWZhbWlseSI6Im1vbm9zcGFjZSJ9fSx7ImNoYXIiOiJqIiwic3R5bGVzIjp7ImZvbnQtZmFtaWx5IjoibW9ub3NwYWNlIn19LHsiY2hhciI6InMiLCJzdHlsZXMiOnsiZm9udC1mYW1pbHkiOiJtb25vc3BhY2UifX0seyJjaGFyIjoiZCIsInN0eWxlcyI6eyJmb250LWZhbWlseSI6Im1vbm9zcGFjZSJ9fSx7ImNoYXIiOiJvIiwic3R5bGVzIjp7ImZvbnQtZmFtaWx5IjoibW9ub3NwYWNlIn19LHsiY2hhciI6ImMiLCJzdHlsZXMiOnsiZm9udC1mYW1pbHkiOiJtb25vc3BhY2UifX0seyJjaGFyIjoicyIsInN0eWxlcyI6eyJmb250LWZhbWlseSI6Im1vbm9zcGFjZSJ9fSx7ImNoYXIiOiJfIiwic3R5bGVzIjp7ImZvbnQtZmFtaWx5IjoibW9ub3NwYWNlIn19LHsiY2hhciI6ImUiLCJzdHlsZXMiOnsiZm9udC1mYW1pbHkiOiJtb25vc3BhY2UifX0seyJjaGFyIjoieCIsInN0eWxlcyI6eyJmb250LWZhbWlseSI6Im1vbm9zcGFjZSJ9fSx7ImNoYXIiOiJ0Iiwic3R5bGVzIjp7ImZvbnQtZmFtaWx5IjoibW9ub3NwYWNlIn19LHsiY2hhciI6ImUiLCJzdHlsZXMiOnsiZm9udC1mYW1pbHkiOiJtb25vc3BhY2UifX0seyJjaGFyIjoibiIsInN0eWxlcyI6eyJmb250LWZhbWlseSI6Im1vbm9zcGFjZSJ9fSx7ImNoYXIiOiJkIiwic3R5bGVzIjp7ImZvbnQtZmFtaWx5IjoibW9ub3NwYWNlIn19LHsiY2hhciI6Il8iLCJzdHlsZXMiOnsiZm9udC1mYW1pbHkiOiJtb25vc3BhY2UifX0seyJjaGFyIjoiZCIsInN0eWxlcyI6eyJmb250LWZhbWlseSI6Im1vbm9zcGFjZSJ9fSx7ImNoYXIiOiJvIiwic3R5bGVzIjp7ImZvbnQtZmFtaWx5IjoibW9ub3NwYWNlIn19LHsiY2hhciI6InUiLCJzdHlsZXMiOnsiZm9udC1mYW1pbHkiOiJtb25vc3BhY2UifX0seyJjaGFyIjoiYiIsInN0eWxlcyI6eyJmb250LWZhbWlseSI6Im1vbm9zcGFjZSJ9fSx7ImNoYXIiOiJsIiwic3R5bGVzIjp7ImZvbnQtZmFtaWx5IjoibW9ub3NwYWNlIn19LHsiY2hhciI6ImUiLCJzdHlsZXMiOnsiZm9udC1mYW1pbHkiOiJtb25vc3BhY2UifX0seyJjaGFyIjoiXyIsInN0eWxlcyI6eyJmb250LWZhbWlseSI6Im1vbm9zcGFjZSJ9fSx7ImNoYXIiOiJzIiwic3R5bGVzIjp7ImZvbnQtZmFtaWx5IjoibW9ub3NwYWNlIn19LHsiY2hhciI6ImwiLCJzdHlsZXMiOnsiZm9udC1mYW1pbHkiOiJtb25vc3BhY2UifX0seyJjaGFyIjoiYSIsInN0eWxlcyI6eyJmb250LWZhbWlseSI6Im1vbm9zcGFjZSJ9fSx7ImNoYXIiOiJzIiwic3R5bGVzIjp7ImZvbnQtZmFtaWx5IjoibW9ub3NwYWNlIn19LHsiY2hhciI6ImgiLCJzdHlsZXMiOnsiZm9udC1mYW1pbHkiOiJtb25vc3BhY2UifX0seyJjaGFyIjoiXCIiLCJzdHlsZXMiOnsiZm9udC1mYW1pbHkiOiJtb25vc3BhY2UifX0seyJjaGFyIjoiOiIsInN0eWxlcyI6eyJmb250LWZhbWlseSI6Im1vbm9zcGFjZSJ9fSx7ImNoYXIiOiIgIiwic3R5bGVzIjp7ImZvbnQtZmFtaWx5IjoibW9ub3NwYWNlIn19LHsiY2hhciI6ImYiLCJzdHlsZXMiOnsiZm9udC1mYW1pbHkiOiJtb25vc3BhY2UifX0seyJjaGFyIjoiYSIsInN0eWxlcyI6eyJmb250LWZhbWlseSI6Im1vbm9zcGFjZSJ9fSx7ImNoYXIiOiJsIiwic3R5bGVzIjp7ImZvbnQtZmFtaWx5IjoibW9ub3NwYWNlIn19LHsiY2hhciI6InMiLCJzdHlsZXMiOnsiZm9udC1mYW1pbHkiOiJtb25vc3BhY2UifX0seyJjaGFyIjoiZSIsInN0eWxlcyI6eyJmb250LWZhbWlseSI6Im1vbm9zcGFjZSJ9fSx7ImNoYXIiOiJcbiIsInN0eWxlcyI6eyJmb250LWZhbWlseSI6Im1vbm9zcGFjZSJ9fSx7ImNoYXIiOiJ9Iiwic3R5bGVzIjp7ImZvbnQtZmFtaWx5IjoibW9ub3NwYWNlIn19XX19LHsiYmxvY2tUeXBlIjoicGFyYWdyYXBoIiwic3R5bGVzIjp7ImFsaWduIjoibGVmdCIsImluZGVudCI6MCwidGV4dC1pbmRlbnQiOjAsImxpbmUtaGVpZ2h0IjoxLjc1fSwiYmxvY2tJZCI6IjM0NjEtMTUwNzk2ODM5NDI5OSIsInJpY2hUZXh0Ijp7ImlzUmljaFRleHQiOnRydWUsImtlZXBMaW5lQnJlYWsiOnRydWUsImRhdGEiOltdfX0seyJibG9ja1R5cGUiOiJwYXJhZ3JhcGgiLCJzdHlsZXMiOnsiYWxpZ24iOiJsZWZ0IiwiaW5kZW50IjowLCJ0ZXh0LWluZGVudCI6MCwibGluZS1oZWlnaHQiOjEuNzV9LCJibG9ja0lkIjoiNDU5NS0xNTA3OTY4Mzk0NDU5IiwicmljaFRleHQiOnsiaXNSaWNoVGV4dCI6dHJ1ZSwia2VlcExpbmVCcmVhayI6dHJ1ZSwiZGF0YSI6W119fSx7ImJsb2NrVHlwZSI6InBhcmFncmFwaCIsInN0eWxlcyI6eyJhbGlnbiI6ImxlZnQiLCJpbmRlbnQiOjAsInRleHQtaW5kZW50IjowLCJsaW5lLWhlaWdodCI6MS43NX0sImJsb2NrSWQiOiI0MzU3LTE1MDc5NjgzOTQ2MjYiLCJyaWNoVGV4dCI6eyJpc1JpY2hUZXh0Ijp0cnVlLCJrZWVwTGluZUJyZWFrIjp0cnVlLCJkYXRhIjpbXX19LHsiYmxvY2tUeXBlIjoicGFyYWdyYXBoIiwic3R5bGVzIjp7ImFsaWduIjoibGVmdCIsImluZGVudCI6MCwidGV4dC1pbmRlbnQiOjAsImxpbmUtaGVpZ2h0IjoxLjc1fSwiYmxvY2tJZCI6IjIwMTAtMTUwNzk2ODM5NDgxOSIsInJpY2hUZXh0Ijp7ImlzUmljaFRleHQiOnRydWUsImtlZXBMaW5lQnJlYWsiOnRydWUsImRhdGEiOlt7ImNoYXIiOiIyIiwic3R5bGVzIjp7ImZvbnQtZmFtaWx5IjoibW9ub3NwYWNlIn19LHsiY2hhciI6Ii4iLCJzdHlsZXMiOnsiYm9sZCI6dHJ1ZSwiZm9udC1mYW1pbHkiOiJtb25vc3BhY2UifX0seyJjaGFyIjoi5b+rIiwic3R5bGVzIjp7ImJvbGQiOnRydWUsImZvbnQtZmFtaWx5IjoibW9ub3NwYWNlIn19LHsiY2hhciI6IuaNtyIsInN0eWxlcyI6eyJib2xkIjp0cnVlLCJmb250LWZhbWlseSI6Im1vbm9zcGFjZSJ9fSx7ImNoYXIiOiLplK4iLCJzdHlsZXMiOnsiYm9sZCI6dHJ1ZSwiZm9udC1mYW1pbHkiOiJtb25vc3BhY2UifX0seyJjaGFyIjoi5Y+RIiwic3R5bGVzIjp7ImJvbGQiOnRydWUsImZvbnQtZmFtaWx5IjoibW9ub3NwYWNlIn19LHsiY2hhciI6IueUnyIsInN0eWxlcyI6eyJib2xkIjp0cnVlLCJmb250LWZhbWlseSI6Im1vbm9zcGFjZSJ9fSx7ImNoYXIiOiLlhrIiLCJzdHlsZXMiOnsiYm9sZCI6dHJ1ZSwiZm9udC1mYW1pbHkiOiJtb25vc3BhY2UifX0seyJjaGFyIjoi56qBIiwic3R5bGVzIjp7ImJvbGQiOnRydWUsImZvbnQtZmFtaWx5IjoibW9ub3NwYWNlIn19LHsiY2hhciI6Iu+8jCIsInN0eWxlcyI6eyJmb250LWZhbWlseSI6Im1vbm9zcGFjZSJ9fSx7ImNoYXIiOiItIiwic3R5bGVzIjp7ImZvbnQtZmFtaWx5IjoibW9ub3NwYWNlIn19LHsiY2hhciI6Ii0iLCJzdHlsZXMiOnsiZm9udC1mYW1pbHkiOiJtb25vc3BhY2UifX0seyJjaGFyIjoi44CLIiwic3R5bGVzIjp7ImZvbnQtZmFtaWx5IjoibW9ub3NwYWNlIn19LHsiY2hhciI6Iu+8iCIsInN0eWxlcyI6eyJmb250LWZhbWlseSI6Im1vbm9zcGFjZSJ9fSx7ImNoYXIiOiLosIMiLCJzdHlsZXMiOnsiZm9udC1mYW1pbHkiOiJtb25vc3BhY2UifX0seyJjaGFyIjoi5Ye6Iiwic3R5bGVzIjp7ImZvbnQtZmFtaWx5IjoibW9ub3NwYWNlIn19LHsiY2hhciI6IuminCIsInN0eWxlcyI6eyJmb250LWZhbWlseSI6Im1vbm9zcGFjZSJ9fSx7ImNoYXIiOiLoibIiLCJzdHlsZXMiOnsiZm9udC1mYW1pbHkiOiJtb25vc3BhY2UifX0seyJjaGFyIjoi5p2/Iiwic3R5bGVzIjp7ImZvbnQtZmFtaWx5IjoibW9ub3NwYWNlIn19LHsiY2hhciI6IueahCIsInN0eWxlcyI6eyJmb250LWZhbWlseSI6Im1vbm9zcGFjZSJ9fSx7ImNoYXIiOiLmj5IiLCJzdHlsZXMiOnsiZm9udC1mYW1pbHkiOiJtb25vc3BhY2UifX0seyJjaGFyIjoi5Lu2Iiwic3R5bGVzIjp7ImZvbnQtZmFtaWx5IjoibW9ub3NwYWNlIn19LHsiY2hhciI6ImMiLCJzdHlsZXMiOnsiZm9udC1mYW1pbHkiOiJtb25vc3BhY2UifX0seyJjaGFyIjoibyIsInN0eWxlcyI6eyJmb250LWZhbWlseSI6Im1vbm9zcGFjZSJ9fSx7ImNoYXIiOiJsIiwic3R5bGVzIjp7ImZvbnQtZmFtaWx5IjoibW9ub3NwYWNlIn19LHsiY2hhciI6Im8iLCJzdHlsZXMiOnsiZm9udC1mYW1pbHkiOiJtb25vc3BhY2UifX0seyJjaGFyIjoiciIsInN0eWxlcyI6eyJmb250LWZhbWlseSI6Im1vbm9zcGFjZSJ9fSx7ImNoYXIiOiJwIiwic3R5bGVzIjp7ImZvbnQtZmFtaWx5IjoibW9ub3NwYWNlIn19LHsiY2hhciI6ImkiLCJzdHlsZXMiOnsiZm9udC1mYW1pbHkiOiJtb25vc3BhY2UifX0seyJjaGFyIjoiYyIsInN0eWxlcyI6eyJmb250LWZhbWlseSI6Im1vbm9zcGFjZSJ9fSx7ImNoYXIiOiJrIiwic3R5bGVzIjp7ImZvbnQtZmFtaWx5IjoibW9ub3NwYWNlIn19LHsiY2hhciI6ImUiLCJzdHlsZXMiOnsiZm9udC1mYW1pbHkiOiJtb25vc3BhY2UifX0seyJjaGFyIjoiciIsInN0eWxlcyI6eyJmb250LWZhbWlseSI6Im1vbm9zcGFjZSJ9fSx7ImNoYXIiOiLlkowiLCJzdHlsZXMiOnsiZm9udC1mYW1pbHkiOiJtb25vc3BhY2UifX0seyJjaGFyIjoi6L2sIiwic3R5bGVzIjp7ImZvbnQtZmFtaWx5IjoibW9ub3NwYWNlIn19LHsiY2hhciI6IuaNoiIsInN0eWxlcyI6eyJmb250LWZhbWlseSI6Im1vbm9zcGFjZSJ9fSx7ImNoYXIiOiLnvJYiLCJzdHlsZXMiOnsiZm9udC1mYW1pbHkiOiJtb25vc3BhY2UifX0seyJjaGFyIjoi56CBIiwic3R5bGVzIjp7ImZvbnQtZmFtaWx5IjoibW9ub3NwYWNlIn19LHsiY2hhciI6IuagvCIsInN0eWxlcyI6eyJmb250LWZhbWlseSI6Im1vbm9zcGFjZSJ9fSx7ImNoYXIiOiLlvI8iLCJzdHlsZXMiOnsiZm9udC1mYW1pbHkiOiJtb25vc3BhY2UifX0seyJjaGFyIjoi55qEIiwic3R5bGVzIjp7ImZvbnQtZmFtaWx5IjoibW9ub3NwYWNlIn19LHsiY2hhciI6IuaPkiIsInN0eWxlcyI6eyJmb250LWZhbWlseSI6Im1vbm9zcGFjZSJ9fSx7ImNoYXIiOiLku7YiLCJzdHlsZXMiOnsiZm9udC1mYW1pbHkiOiJtb25vc3BhY2UifX0seyJjaGFyIjoiQyIsInN0eWxlcyI6eyJmb250LWZhbWlseSI6Im1vbm9zcGFjZSJ9fSx7ImNoYXIiOiJvIiwic3R5bGVzIjp7ImZvbnQtZmFtaWx5IjoibW9ub3NwYWNlIn19LHsiY2hhciI6Im4iLCJzdHlsZXMiOnsiZm9udC1mYW1pbHkiOiJtb25vc3BhY2UifX0seyJjaGFyIjoidiIsInN0eWxlcyI6eyJmb250LWZhbWlseSI6Im1vbm9zcGFjZSJ9fSx7ImNoYXIiOiJlIiwic3R5bGVzIjp7ImZvbnQtZmFtaWx5IjoibW9ub3NwYWNlIn19LHsiY2hhciI6InIiLCJzdHlsZXMiOnsiZm9udC1mYW1pbHkiOiJtb25vc3BhY2UifX0seyJjaGFyIjoidCIsInN0eWxlcyI6eyJmb250LWZhbWlseSI6Im1vbm9zcGFjZSJ9fSx7ImNoYXIiOiJvIiwic3R5bGVzIjp7ImZvbnQtZmFtaWx5IjoibW9ub3NwYWNlIn19LHsiY2hhciI6IlUiLCJzdHlsZXMiOnsiZm9udC1mYW1pbHkiOiJtb25vc3BhY2UifX0seyJjaGFyIjoiVCIsInN0eWxlcyI6eyJmb250LWZhbWlseSI6Im1vbm9zcGFjZSJ9fSx7ImNoYXIiOiJGIiwic3R5bGVzIjp7ImZvbnQtZmFtaWx5IjoibW9ub3NwYWNlIn19LHsiY2hhciI6IjgiLCJzdHlsZXMiOnsiZm9udC1mYW1pbHkiOiJtb25vc3BhY2UifX0seyJjaGFyIjoi5Y+RIiwic3R5bGVzIjp7ImZvbnQtZmFtaWx5IjoibW9ub3NwYWNlIn19LHsiY2hhciI6IueUnyIsInN0eWxlcyI6eyJmb250LWZhbWlseSI6Im1vbm9zcGFjZSJ9fSx7ImNoYXIiOiLlhrIiLCJzdHlsZXMiOnsiZm9udC1mYW1pbHkiOiJtb25vc3BhY2UifX0seyJjaGFyIjoi56qBIiwic3R5bGVzIjp7ImZvbnQtZmFtaWx5IjoibW9ub3NwYWNlIn19LHsiY2hhciI6IiAiLCJzdHlsZXMiOnsiZm9udC1mYW1pbHkiOiJtb25vc3BhY2UifX0seyJjaGFyIjoiICIsInN0eWxlcyI6eyJmb250LWZhbWlseSI6Im1vbm9zcGFjZSJ9fSx7ImNoYXIiOiLlhbYiLCJzdHlsZXMiOnsiZm9udC1mYW1pbHkiOiJtb25vc3BhY2UifX0seyJjaGFyIjoi6buYIiwic3R5bGVzIjp7ImZvbnQtZmFtaWx5IjoibW9ub3NwYWNlIn19LHsiY2hhciI6IuiupCIsInN0eWxlcyI6eyJmb250LWZhbWlseSI6Im1vbm9zcGFjZSJ9fSx7ImNoYXIiOiLlv6siLCJzdHlsZXMiOnsiZm9udC1mYW1pbHkiOiJtb25vc3BhY2UifX0seyJjaGFyIjoi5o23Iiwic3R5bGVzIjp7ImZvbnQtZmFtaWx5IjoibW9ub3NwYWNlIn19LHsiY2hhciI6IumUriIsInN0eWxlcyI6eyJmb250LWZhbWlseSI6Im1vbm9zcGFjZSJ9fSx7ImNoYXIiOiLpg70iLCJzdHlsZXMiOnsiZm9udC1mYW1pbHkiOiJtb25vc3BhY2UifX0seyJjaGFyIjoi5Li6Iiwic3R5bGVzIjp7ImZvbnQtZmFtaWx5IjoibW9ub3NwYWNlIn19LHsiY2hhciI6IkMiLCJzdHlsZXMiOnsiZm9udC1mYW1pbHkiOiJtb25vc3BhY2UifX0seyJjaGFyIjoidCIsInN0eWxlcyI6eyJmb250LWZhbWlseSI6Im1vbm9zcGFjZSJ9fSx7ImNoYXIiOiJyIiwic3R5bGVzIjp7ImZvbnQtZmFtaWx5IjoibW9ub3NwYWNlIn19LHsiY2hhciI6ImwiLCJzdHlsZXMiOnsiZm9udC1mYW1pbHkiOiJtb25vc3BhY2UifX0seyJjaGFyIjoiKyIsInN0eWxlcyI6eyJmb250LWZhbWlseSI6Im1vbm9zcGFjZSJ9fSx7ImNoYXIiOiJTIiwic3R5bGVzIjp7ImZvbnQtZmFtaWx5IjoibW9ub3NwYWNlIn19LHsiY2hhciI6ImgiLCJzdHlsZXMiOnsiZm9udC1mYW1pbHkiOiJtb25vc3BhY2UifX0seyJjaGFyIjoiaSIsInN0eWxlcyI6eyJmb250LWZhbWlseSI6Im1vbm9zcGFjZSJ9fSx7ImNoYXIiOiJmIiwic3R5bGVzIjp7ImZvbnQtZmFtaWx5IjoibW9ub3NwYWNlIn19LHsiY2hhciI6InQiLCJzdHlsZXMiOnsiZm9udC1mYW1pbHkiOiJtb25vc3BhY2UifX0seyJjaGFyIjoiKyIsInN0eWxlcyI6eyJmb250LWZhbWlseSI6Im1vbm9zcGFjZSJ9fSx7ImNoYXIiOiJjIiwic3R5bGVzIjp7ImZvbnQtZmFtaWx5IjoibW9ub3NwYWNlIn19LHsiY2hhciI6Iu+8iSIsInN0eWxlcyI6eyJmb250LWZhbWlseSI6Im1vbm9zcGFjZSJ9fV19fSx7ImJsb2NrVHlwZSI6InBhcmFncmFwaCIsInN0eWxlcyI6eyJhbGlnbiI6ImxlZnQiLCJpbmRlbnQiOjAsInRleHQtaW5kZW50IjowLCJsaW5lLWhlaWdodCI6MS43NX0sImJsb2NrSWQiOiIyNzY0LTE1MDc5Njg1MTEwNDkiLCJyaWNoVGV4dCI6eyJpc1JpY2hUZXh0Ijp0cnVlLCJrZWVwTGluZUJyZWFrIjp0cnVlLCJkYXRhIjpbeyJjaGFyIjoiICIsInN0eWxlcyI6eyJib2xkIjp0cnVlLCJmb250LWZhbWlseSI6Im1vbm9zcGFjZSIsImZvbnQtc2l6ZSI6MTZ9fSx7ImNoYXIiOiIgIiwic3R5bGVzIjp7ImJvbGQiOnRydWUsImZvbnQtZmFtaWx5IjoibW9ub3NwYWNlIiwiZm9udC1zaXplIjoxNn19LHsiY2hhciI6IiAiLCJzdHlsZXMiOnsiYm9sZCI6dHJ1ZSwiZm9udC1mYW1pbHkiOiJtb25vc3BhY2UiLCJmb250LXNpemUiOjE2fX0seyJjaGFyIjoi6KejIiwic3R5bGVzIjp7ImJvbGQiOnRydWUsImZvbnQtZmFtaWx5IjoibW9ub3NwYWNlIiwiZm9udC1zaXplIjoxNn19LHsiY2hhciI6IuWGsyIsInN0eWxlcyI6eyJib2xkIjp0cnVlLCJmb250LWZhbWlseSI6Im1vbm9zcGFjZSIsImZvbnQtc2l6ZSI6MTZ9fSx7ImNoYXIiOiLmlrkiLCJzdHlsZXMiOnsiYm9sZCI6dHJ1ZSwiZm9udC1mYW1pbHkiOiJtb25vc3BhY2UiLCJmb250LXNpemUiOjE2fX0seyJjaGFyIjoi5rOVIiwic3R5bGVzIjp7ImJvbGQiOnRydWUsImZvbnQtZmFtaWx5IjoibW9ub3NwYWNlIiwiZm9udC1zaXplIjoxNn19LHsiY2hhciI6Iu+8miIsInN0eWxlcyI6eyJib2xkIjp0cnVlLCJmb250LWZhbWlseSI6Im1vbm9zcGFjZSIsImZvbnQtc2l6ZSI6MTZ9fSx7ImNoYXIiOiIgIiwic3R5bGVzIjp7ImJvbGQiOnRydWUsImZvbnQtZmFtaWx5IjoibW9ub3NwYWNlIiwiZm9udC1zaXplIjoxNn19LHsiY2hhciI6IuWcqCIsInN0eWxlcyI6eyJib2xkIjp0cnVlLCJmb250LWZhbWlseSI6Im1vbm9zcGFjZSIsImZvbnQtc2l6ZSI6MTZ9fSx7ImNoYXIiOiJQIn0seyJjaGFyIjoiciJ9LHsiY2hhciI6ImUifSx7ImNoYXIiOiJmIn0seyJjaGFyIjoiZSJ9LHsiY2hhciI6InIifSx7ImNoYXIiOiJlIn0seyJjaGFyIjoibiJ9LHsiY2hhciI6ImMifSx7ImNoYXIiOiJlIn0seyJjaGFyIjoicyJ9LHsiY2hhciI6IiAifSx7ImNoYXIiOiItIn0seyJjaGFyIjoiLSJ9LHsiY2hhciI6Ij4ifSx7ImNoYXIiOiIgIn0seyJjaGFyIjoiQiJ9LHsiY2hhciI6InIifSx7ImNoYXIiOiJvIn0seyJjaGFyIjoidyJ9LHsiY2hhciI6InMifSx7ImNoYXIiOiJlIn0seyJjaGFyIjoiICJ9LHsiY2hhciI6IlAifSx7ImNoYXIiOiJhIn0seyJjaGFyIjoiYyJ9LHsiY2hhciI6ImsifSx7ImNoYXIiOiJhIn0seyJjaGFyIjoiZyJ9LHsiY2hhciI6ImUifSx7ImNoYXIiOiJzIn0seyJjaGFyIjoi77yMIn0seyJjaGFyIjoi5om+In0seyJjaGFyIjoi5YiwIn0seyJjaGFyIjoiQyJ9LHsiY2hhciI6Im8ifSx7ImNoYXIiOiJuIn0seyJjaGFyIjoidiJ9LHsiY2hhciI6ImUifSx7ImNoYXIiOiJyIn0seyJjaGFyIjoidCJ9LHsiY2hhciI6IlQifSx7ImNoYXIiOiJvIn0seyJjaGFyIjoiVSJ9LHsiY2hhciI6IlQifSx7ImNoYXIiOiJGIn0seyJjaGFyIjoiOCJ9LHsiY2hhciI6IuaWhyJ9LHsiY2hhciI6IuS7tiJ9LHsiY2hhciI6IuWkuSJ9LHsiY2hhciI6IuW5tiJ9LHsiY2hhciI6Iui/myJ9LHsiY2hhciI6IuWFpSJ9LHsiY2hhciI6Iu+8jCJ9XX19LHsiYmxvY2tUeXBlIjoicGFyYWdyYXBoIiwic3R5bGVzIjp7ImFsaWduIjoibGVmdCIsImluZGVudCI6MCwidGV4dC1pbmRlbnQiOjAsImxpbmUtaGVpZ2h0IjoxLjc1fSwiYmxvY2tJZCI6IjU3MTEtMTUwNzk2ODU3OTY3NSIsInJpY2hUZXh0Ijp7ImlzUmljaFRleHQiOnRydWUsImtlZXBMaW5lQnJlYWsiOnRydWUsImRhdGEiOlt7ImNoYXIiOiIgIn0seyJjaGFyIjoiICJ9LHsiY2hhciI6IiAifSx7ImNoYXIiOiIgIn0seyJjaGFyIjoiICJ9LHsiY2hhciI6IiAifSx7ImNoYXIiOiLkv64ifSx7ImNoYXIiOiLmlLkifSx7ImNoYXIiOiLlhbYifSx7ImNoYXIiOiLlv6sifSx7ImNoYXIiOiLmjbcifSx7ImNoYXIiOiLmlrkifSx7ImNoYXIiOiLlvI8ifV19fV0=--&gt;&lt;/p&gt;\r\n', '卢申南', '2', '2017-10-31 20:48:53', '0');
INSERT INTO `article` VALUES ('26', '2', '《捉妖记 2》全阵容群星造型首度曝光', 'u=2205378071,4210651837&fm=27&gp=0.jpg', '/Public/Upload/thumb/59f8726b70e95.jpg', '除了白百何、井柏然、曾志伟、吴君如等原班人马回归，还有梁朝伟、李宇春、杨祐宁、大鹏、柳岩、黄磊、吴莫愁、X 玖少年团等众多新伙伴的加盟。2018 年大年初一，《捉妖记 2》&quot; 妖 &quot; 你同行', '&lt;p&gt;前几日刚刚曝光了李宇春 &amp;quot; 黑凤凰 &amp;quot; 版海报的《捉妖记 2》又有大动作，今日 &amp;quot; 十弹齐发 &amp;quot; 公布了 &amp;quot; 万物有灵 &amp;quot; 版全阵容人物海报和 &amp;quot; 锦衣华服 &amp;quot; 篇幕后特辑。除了胡巴粑粑麻麻白百何、井柏然原班人马的回归，梁朝伟、李宇春这对 &amp;quot; 欢喜冤家 &amp;quot; 亦鼎力加盟，更有杨祐宁、大鹏、柳岩、黄磊、吴莫愁、X 玖少年团、吴君如、曾志伟等一众明星组成的新老 &amp;quot; 捉妖天团 &amp;quot;，可谓群星璀璨。除了演员阵容的升级，在特辑中我们可以看到，《捉妖记 2》演员造型和服装也得到了全方位的优化。而在 &amp;quot; 万物有灵 &amp;quot; 版海报中，人、妖同框，看似和谐相处，实则暗潮汹涌，四翼妖、血妖等一直虎视眈眈，似乎预示着一场腥风血雨的到来。&lt;/p&gt;\r\n\r\n&lt;p&gt;&amp;nbsp;&lt;/p&gt;\r\n\r\n&lt;p&gt;&lt;strong&gt;胡巴一家回归续集&lt;/strong&gt;&lt;/p&gt;\r\n\r\n&lt;p&gt;&lt;strong&gt;白百何、井柏然吐槽剧组 &amp;quot; 偏心 &amp;quot;&lt;/strong&gt;&lt;/p&gt;\r\n\r\n&lt;p&gt;在此次曝光的 &amp;quot; 万物有灵 &amp;quot; 全阵容人物海报孔中，有两张熟悉的面孔&amp;mdash;&amp;mdash;胡巴的粑粑麻麻白百何与井柏然，他们将在续集中陪胡巴继续玩耍。在白百何个人海报中，白百何饰演的霍小岚一身红装，面若桃花，肩上背的行囊不知是归家还是将踏上新的旅程。和粑粑团聚的小胡巴自然无比开心，在旁追着蝴蝶嬉戏。他们身后的大牌坊揭示了当前是清水镇地界，而远处汹涌而至的四翼妖、血妖，似乎预兆清水镇的平静将被打破。在 &amp;quot; 锦衣华服 &amp;quot; 特辑中，白百何也是开心地 &amp;quot; 炫耀 &amp;quot; 自己在续集中将有三套衣服。比起前作一套戏服穿到尾，白百何在续集中的待遇着实提高了不少。&lt;/p&gt;\r\n\r\n&lt;p&gt;在井柏然个人海报中，井柏然饰演的宋天荫坐着竹筏在荷塘垂钓，一池锦鲤却只钓上一团水草，也难怪小胡巴面带戏谑地翻起了 &amp;quot; 白眼 &amp;quot;。从渐暗的天色和点亮的灯笼看得出，这对短暂远离江湖纷争的 &amp;quot; 母子 &amp;quot; 玩得非常尽兴。从这两张海报看来，白百何和井柏然的服装走的仍是 &amp;quot; 侠客风 &amp;quot;，行走江湖以实用为主，和李宇春、杨祐宁等的 &amp;quot; 锦衣华服 &amp;quot; 造型没得比，也难怪二人在特辑中吐槽剧组 &amp;quot; 偏心 &amp;quot; 了。&lt;/p&gt;\r\n\r\n&lt;p&gt;&lt;strong&gt;梁朝伟饰演赌徒喜感十足&lt;/strong&gt;&lt;/p&gt;\r\n\r\n&lt;p&gt;&lt;strong&gt;&amp;quot; 追债天后 &amp;quot; 李宇春呈现 &amp;quot; 最贵 &amp;quot; 造型&lt;/strong&gt;&lt;/p&gt;\r\n\r\n&lt;p&gt;全阵容海报中公布的梁朝伟个人海报，是这位备受瞩目的大咖在《捉妖记 2》中造型的首次曝光，这也是继 2002 年的《天下无双》后梁朝伟时隔 15 年再度接演古装喜剧角色。在海报中，梁朝伟饰演的屠四谷和笨笨仓皇逃跑，屠四谷表情慌张，极富喜感，身上掉下的铜钱和骰子也来不及拾。可以看出他们是从赌坊逃出来的，不知是因为欠了赌债还是出千被抓。从屠四谷一身深色粗麻布衣的打扮来看，他和笨笨日子似乎过得并不宽裕。而从他们娴熟的配合和动作来看，两人似乎不是初犯了。根据之前透露的信息，屠四谷和笨笨这对 &amp;quot; 难兄难弟 &amp;quot; 从小相依为命，以坑蒙拐骗维生，相互嫌弃却从不分开。在海报的深处，血妖和四翼妖在重山后凝视着镇上，似乎预示着二人正在卷入一场巨大的危机当中。&lt;/p&gt;\r\n\r\n&lt;p&gt;前几日公布的李宇春 &amp;quot; 黑凤凰 &amp;quot; 版海报造型惊艳，一经曝光便在影迷中引起了极大的反响。这次公布的人物海报中，李宇春延续了 &amp;quot; 黑凤凰 &amp;quot; 的造型，一袭黑衣，高贵冷艳，高高举起胡巴悬赏令，似乎对抓到小妖王势在必得。而在 &amp;quot; 锦衣华服 &amp;quot; 特辑中，除了 &amp;quot; 黑凤凰 &amp;quot; 外，李宇春还有一套金色的造型，极尽雍容华贵。这也引得井柏然等一众主创们的 &amp;quot; 眼红 &amp;quot;。连李宇春本人都表示，之前出演的古装戏穿得都比较 &amp;quot; 破烂 &amp;quot;，这次的造型令她自己都感到惊艳，发现了自己的另外一面。与财大气粗的钱庄老板朱金真相对应的就是家徒四壁、举债度日的赌徒屠四谷了。屠四谷逃跑时身上掉落的零星铜钱和李宇春脚下扔着的一袋黄金形成了鲜明的对比。负债累累的屠四谷和开钱庄的朱金真有没有金钱上的往来，每天都在躲债的屠四谷和号称从不失手的 &amp;quot; 追债天后 &amp;quot; 又将上演怎样的 &amp;quot; 猫鼠游戏 &amp;quot;，这对片中贫富差距最大的角色能否组成一对新的 CP，都不禁引人浮想。&lt;/p&gt;\r\n\r\n&lt;p&gt;&lt;strong&gt;杨祐宁 4 套戏服兼任 &amp;quot; 时尚担当 &amp;quot;&lt;/strong&gt;&lt;/p&gt;\r\n\r\n&lt;p&gt;&lt;strong&gt;新旧 &amp;quot; 捉妖天团 &amp;quot; 造型大 PK&lt;/strong&gt;&lt;/p&gt;\r\n\r\n&lt;p&gt;在全新公布的杨祐宁个人海报中，杨祐宁饰演的云大哥一袭黑袍，于群山间踏鹰而行，身后不远处血妖来势汹汹。只见云大哥面不改色，衣袂飘飘，无愧天师堂的首席天师。而特辑则首次曝光了杨祐宁包括白色长袍、紫色长衫、暗红色战袍及海报上的黑色长袍在内的 4 套造型，造型之多冠绝剧组群星。为此，杨祐宁自封剧组的 &amp;quot; 时尚担当 &amp;quot;，也难怪白百何、井柏然吐槽 &amp;quot; 剧组的置装费都花在杨祐宁身上了 &amp;quot;。&lt;/p&gt;\r\n\r\n&lt;p&gt;在全阵容海报中，还有一对令人期待的老搭档&amp;mdash;&amp;mdash;大鹏和柳岩。大鹏饰演的角色是捕妖亭亭主，从他前卫的眼镜和被四翼妖追逐的狼狈表现猜测，这位亭主似乎是不擅武力的发明家、研究员一类的角色。而海报中柳岩风情万种地摇着骰子，躺在女朋友身上的骰子妖正 &amp;quot; 贱兮兮 &amp;quot; 地望着她，两位骰坛高手会否上演一场世纪对决值得期待。除此之外，黄磊和吴莫愁组成的 &amp;quot; 医师联盟 &amp;quot; 也颇具看点。号称清水镇第一神医的黄磊走路蹒跚，双目无神，似乎是位 &amp;quot; 失明神医 &amp;quot;。而吴莫愁饰演的一脸乖巧的小包子则是他最得力的助手。由 X 玖少年团扮演的永宁村少妖团令人耳目一新，9 位青春阳光的少年身着暖色马戏服，通过舞狮、踩高跷、蹬独轮等不同的杂耍项目营造出了浓郁的节日氛围。除了上面说到的 &amp;quot; 新捉妖天团 &amp;quot;，吴君如和曾志伟这对第一部中便备受喜爱的老朋友也惊喜回归。海报上他们身着喜庆的服装，四周挂满红绸、红线，而他们的 &amp;quot; 真身 &amp;quot; 胖莹和竹篙亦披红挂彩，一派婚礼的狂欢气氛。&lt;/p&gt;\r\n\r\n&lt;p&gt;在《捉妖记 2》全新的故事中，天荫带着小岚踏上寻父之路，而重回永宁村的胡巴再度被妖王追杀。与此同时，江湖盛传胡巴的重金悬赏令，妖界大军、天师精英、绿林草莽闻风而动，一场腥风血雨即将来临 &amp;hellip;&amp;hellip; 续集中，除了白百何、井柏然、曾志伟、吴君如等原班人马回归，还有梁朝伟、李宇春、杨祐宁、大鹏、柳岩、黄磊、吴莫愁、X 玖少年团等众多新伙伴的加盟。2018 年大年初一，《捉妖记 2》&amp;quot; 妖 &amp;quot; 你同行。&lt;/p&gt;\r\n', '卢申南', '5', '2017-10-31 20:54:03', '0');
INSERT INTO `article` VALUES ('27', '3', '若iPhone8推迟到11月上市，谁会偷着乐？', 'php.png', '/Public/Upload/thumb/59fa99e54d7b4.png', '有消息称：iPhone 8面临技术挑战，或推迟到11月上市。', '&lt;p&gt;如果苹果真的不能按照常规时间发布自己的最新旗舰手机iPhone8的话，对竞争对手无疑是一个好消息。首先利好的无疑是三星。众所周知，三星已经发布了其最新的旗舰手机Galaxy S8，全新的设计和继续延续曲面屏的风格也的确让人眼前一亮，当然热销的前提是能否让人们忘记Note7曾经的炸机门事件。令人不解的是，三星居然在&amp;ldquo;缝缝补补&amp;rdquo;之后，竟然又要推出&amp;ldquo;折价&amp;rdquo;之后的Note7，不知道是谁出的馊主意，虽然表面看能把曾经Note7炸机门的成本损失降低很多，但是这样做的后果是让用户对三星品质的质疑，一旦&amp;ldquo;改版&amp;rdquo;之后的Note7再出现问题怎么办？不是销毁，而是修补之后的再入市，或许这是三星的一步臭棋。&lt;/p&gt;\r\n\r\n&lt;p&gt;众所周知，三星在智能手机市场是仅次于苹果之外的可以攫取到高端市场份额，以及相应高利润的少有的厂商之一，一旦苹果旗舰机iPhone8不能如约面世，那么就给三星带来很大的喘息机会，尤其是其Galaxy S8将于本月18日正式上市。一旦能打开高端市场的局面，让用户再次信赖三星的品质，不要再出现爆炸门事件的话，那么任何可以延长销售周期的时间差都是一种利好。尤其是其最大的竞争对手之一的苹果出现出货困局的时候，毕竟三星在海外市场的影响力还是巨大的。&lt;img alt=&quot;&quot; src=&quot;/Public/Upload/article/images/20171102050644169029.jpg&quot; style=&quot;height:333px; width:500px&quot; /&gt;&lt;/p&gt;\r\n\r\n&lt;p&gt;&amp;nbsp;&lt;/p&gt;\r\n\r\n&lt;p&gt;其次是中国手机军团。这里包括华为、vivo、OPPO、金立、小米、乐视等厂商。中国手机军团主打的是份额，虽然去年开始国产手机厂商的产品价格都做了一定的提升，不过相比苹果三星还有很大的空间，一旦苹果的产能出不来，新品迟迟不能问世，那么对于国产手机厂商的铺货和应对新兴市场无疑是一个利好。我们的手机厂商的产品铺货和迭代周期历来较多，新品的发布也是此起彼伏，今年已经有几家厂商推出了自己的新品，包括华为、vivo等厂商都已经有新品上市，而且随着中国本土市场的销售节点来临，新机的问世速度还会加快，这一点历来是抢占先机的一种策略，今年想必也不会例外。只要苹果新品出炉时间被延长，那么国产手机就有更多的时间周期进行市场和渠道布局，进而带来市场份额的再次上扬，这也是潜在的利好。&lt;/p&gt;\r\n', '卢申南', '0', '2017-11-02 12:07:00', '1');

-- ----------------------------
-- Table structure for category
-- ----------------------------
DROP TABLE IF EXISTS `category`;
CREATE TABLE `category` (
  `cate_id` smallint(5) unsigned NOT NULL AUTO_INCREMENT,
  `cate_name` varchar(20) NOT NULL,
  `cate_pid` smallint(6) NOT NULL,
  `cate_desc` varchar(200) DEFAULT NULL,
  PRIMARY KEY (`cate_id`)
) ENGINE=InnoDB AUTO_INCREMENT=14 DEFAULT CHARSET=utf8;

-- ----------------------------
-- Records of category
-- ----------------------------
INSERT INTO `category` VALUES ('1', '音乐', '0', '一首歌，一种情');
INSERT INTO `category` VALUES ('2', '电影', '0', '好电影大搜罗');
INSERT INTO `category` VALUES ('3', 'PHP', '0', '学无止境学到忘我不让我学习还不如让我去死');

-- ----------------------------
-- Table structure for comment
-- ----------------------------
DROP TABLE IF EXISTS `comment`;
CREATE TABLE `comment` (
  `cmt_id` int(10) unsigned NOT NULL AUTO_INCREMENT,
  `art_id` smallint(5) unsigned NOT NULL,
  `cmt_user` varchar(20) NOT NULL,
  `cmt_content` text NOT NULL,
  `cmt_time` char(30) NOT NULL,
  PRIMARY KEY (`cmt_id`)
) ENGINE=InnoDB AUTO_INCREMENT=21 DEFAULT CHARSET=utf8;

-- ----------------------------
-- Records of comment
-- ----------------------------
INSERT INTO `comment` VALUES ('1', '26', 'lusnan', '332535', '2017-11-01 20:26:33');
INSERT INTO `comment` VALUES ('4', '26', 'lusnan', 'hfghfghfghsdfsdfs\r\n', '2017-11-01 21:13:01');
INSERT INTO `comment` VALUES ('5', '23', 'lusnan', 'gdfgdgfd ', '2017-11-01 21:13:52');
INSERT INTO `comment` VALUES ('6', '23', 'lusnan', 'gdfgdgfd fsdsdfdsf', '2017-11-01 21:16:00');
INSERT INTO `comment` VALUES ('7', '23', 'lusnan', 'sdfsdfsf', '2017-11-01 21:17:26');
INSERT INTO `comment` VALUES ('8', '23', 'lusnan', '', '2017-11-01 21:18:33');
INSERT INTO `comment` VALUES ('9', '23', 'lusnan', 'fsdfsfd', '2017-11-01 21:18:38');
INSERT INTO `comment` VALUES ('10', '23', 'lusnan', 'hfhfghf', '2017-11-01 21:18:43');
INSERT INTO `comment` VALUES ('11', '23', 'lusnan', 'ioppiop', '2017-11-01 21:19:45');
INSERT INTO `comment` VALUES ('12', '23', 'lusnan', 'ioppiop', '2017-11-01 21:20:15');
INSERT INTO `comment` VALUES ('13', '23', 'lusnan', 'ioppiop', '2017-11-01 21:20:27');
INSERT INTO `comment` VALUES ('14', '23', 'lusnan', 'sfdgsdfgsddfsgfgdfgdsfgsdg', '2017-11-01 21:20:45');
INSERT INTO `comment` VALUES ('15', '23', 'lusnan', 'dfgdsfgfgfg', '2017-11-01 21:21:46');
INSERT INTO `comment` VALUES ('16', '23', 'lusnan', 'dfgdsfgfgfg', '2017-11-01 21:22:55');
INSERT INTO `comment` VALUES ('17', '23', 'lusnan', 'sdfsdfs', '2017-11-01 21:24:45');
INSERT INTO `comment` VALUES ('19', '25', 'lusnan', '这是废话i', '2017-11-01 23:10:30');
INSERT INTO `comment` VALUES ('20', '25', 'lusnan', '发士大夫顺丰速递', '2017-11-01 23:10:44');

-- ----------------------------
-- Table structure for master
-- ----------------------------
DROP TABLE IF EXISTS `master`;
CREATE TABLE `master` (
  `id` tinyint(4) NOT NULL AUTO_INCREMENT,
  `mastname` varchar(15) NOT NULL,
  `hobbys` varchar(100) NOT NULL,
  `wechat` varchar(30) NOT NULL,
  `tel` char(11) NOT NULL,
  `email` varchar(50) NOT NULL,
  PRIMARY KEY (`id`)
) ENGINE=InnoDB AUTO_INCREMENT=2 DEFAULT CHARSET=utf8;

-- ----------------------------
-- Records of master
-- ----------------------------
INSERT INTO `master` VALUES ('1', '卢申南', '音乐，编程', 'lsn520000', '18279900538', '1148296441@qq.com');

-- ----------------------------
-- Table structure for user
-- ----------------------------
DROP TABLE IF EXISTS `user`;
CREATE TABLE `user` (
  `user_id` int(11) NOT NULL AUTO_INCREMENT,
  `username` char(20) NOT NULL,
  `password` char(20) NOT NULL,
  `email` char(30) NOT NULL,
  PRIMARY KEY (`user_id`)
) ENGINE=InnoDB AUTO_INCREMENT=7 DEFAULT CHARSET=utf8;

-- ----------------------------
-- Records of user
-- ----------------------------
INSERT INTO `user` VALUES ('1', 'lusnan', '1148296441', '1148296441@qq.com');
INSERT INTO `user` VALUES ('4', 'lusnannn', '123456', '1148296441@qq.com');
INSERT INTO `user` VALUES ('5', 'lulu', '123456', '2918208602@qq.com');
INSERT INTO `user` VALUES ('6', '卢申南', '1148296441', '1148296441@qq.com');
